<?xml version="1.0" ?>

<container xmlns="http://symfony.com/schema/dic/services"
    xmlns:xsi="http://www.w3.org/2001/XMLSchema-instance"
    xsi:schemaLocation="http://symfony.com/schema/dic/services http://symfony.com/schema/dic/services/services-1.0.xsd">

    <services>
        <defaults public="false" />

        <service id="form.type_extension.csrf" class="Symfony\Component\Form\Extension\Csrf\Type\FormTypeCsrfExtension">
            <tag name="form.type_extension" extended-type="Symfony\Component\Form\Extension\Core\Type\FormType" />
            <argument type="service" id="security.csrf.token_manager" />
            <argument>%form.type_extension.csrf.enabled%</argument>
            <argument>%form.type_extension.csrf.field_name%</argument>
            <argument type="service" id="translator" on-invalid="null" />
            <argument>%validator.translation_domain%</argument>
            <argument type="service" id="form.server_params" />
        </service>

        <service id="deprecated.form.registry.csrf" class="stdClass">
            <property name="registry" type="collection" />
            <deprecated>The service "%service_id%" is internal and deprecated since Symfony 3.3 and will be removed in Symfony 4.0</deprecated>
        </service>
    </services>
</container>
