<?xml version="1.0" ?>
<container xmlns="http://symfony.com/schema/dic/services"
    xmlns:xsi="http://www.w3.org/2001/XMLSchema-instance"
    xsi:schemaLocation="http://symfony.com/schema/dic/services http://symfony.com/schema/dic/services/services-1.0.xsd">

    <parameters>
        <parameter key="fos_js_routing.extractor.class">FOS\JsRoutingBundle\Extractor\ExposedRoutesExtractor</parameter>
    </parameters>

    <services>
        <service id="fos_js_routing.extractor" class="%fos_js_routing.extractor.class%">
            <argument type="service" id="fos_js_routing.router" />
            <argument></argument>
            <argument>%kernel.cache_dir%</argument>
            <argument>%kernel.bundles%</argument>
        </service>
    </services>
</container>
